{"cameraMode":{"drawMode":0,"name":"Shaded","section":"Shading Mode"},"sceneLighting":true,"audioPlay":false,"sceneViewState":{"m_AlwaysRefresh":false,"showFog":true,"showSkybox":true,"showFlares":true,"showImageEffects":true,"showParticleSystems":true,"showVisualEffectGraphs":true,"m_FxEnabled":true},"in2DMode":false,"pivot":{"x":-13.765471458435059,"y":9.786563873291016,"z":28.191144943237306},"rotation":{"x":0.07895606011152268,"y":0.47799068689346316,"z":-0.04603671655058861,"w":0.8737063407897949},"size":0.1341647058725357,"orthographic":false}