{"cameraMode":{"drawMode":0,"name":"Shaded","section":"Shading Mode"},"sceneLighting":true,"audioPlay":false,"sceneViewState":{"m_AlwaysRefresh":false,"showFog":true,"showSkybox":true,"showFlares":true,"showImageEffects":true,"showParticleSystems":true,"showVisualEffectGraphs":true,"m_FxEnabled":true},"in2DMode":false,"pivot":{"x":19.16608428955078,"y":23.134010314941408,"z":30.151683807373048},"rotation":{"x":0.22895976901054383,"y":-0.27418580651283266,"z":0.0653378888964653,"w":0.9322074055671692},"size":0.8892810344696045,"orthographic":false}